{
  "accuracy": 0.7611111111111111,
  "precision": 0.7639949351060462,
  "recall": 0.7611111111111111,
  "f1_score": 0.7574969230731038,
  "confusion_matrix": [
    [
      30,
      1,
      1,
      0,
      0,
      0
    ],
    [
      7,
      22,
      0,
      1,
      0,
      2
    ],
    [
      0,
      0,
      20,
      0,
      11,
      1
    ],
    [
      0,
      0,
      0,
      28,
      0,
      0
    ],
    [
      2,
      1,
      6,
      0,
      19,
      0
    ],
    [
      0,
      9,
      0,
      1,
      0,
      18
    ]
  ],
  "classification_report": {
    "neutral": {
      "precision": 0.7692307692307693,
      "recall": 0.9375,
      "f1-score": 0.8450704225352113,
      "support": 32.0
    },
    "happy": {
      "precision": 0.6666666666666666,
      "recall": 0.6875,
      "f1-score": 0.676923076923077,
      "support": 32.0
    },
    "sad": {
      "precision": 0.7407407407407407,
      "recall": 0.625,
      "f1-score": 0.6779661016949152,
      "support": 32.0
    },
    "angry": {
      "precision": 0.9333333333333333,
      "recall": 1.0,
      "f1-score": 0.9655172413793104,
      "support": 28.0
    },
    "fear": {
      "precision": 0.6333333333333333,
      "recall": 0.6785714285714286,
      "f1-score": 0.6551724137931034,
      "support": 28.0
    },
    "surprise": {
      "precision": 0.8571428571428571,
      "recall": 0.6428571428571429,
      "f1-score": 0.7346938775510204,
      "support": 28.0
    },
    "accuracy": 0.7611111111111111,
    "macro avg": {
      "precision": 0.7667412834079501,
      "recall": 0.761904761904762,
      "f1-score": 0.7592238556461063,
      "support": 180.0
    },
    "weighted avg": {
      "precision": 0.7639949351060462,
      "recall": 0.7611111111111111,
      "f1-score": 0.7574969230731038,
      "support": 180.0
    }
  },
  "predictions": [
    0,
    1,
    2,
    2,
    1,
    0,
    5,
    1,
    5,
    0,
    3,
    2,
    5,
    5,
    2,
    2,
    3,
    0,
    0,
    2,
    2,
    4,
    4,
    0,
    0,
    1,
    3,
    5,
    1,
    3,
    4,
    1,
    4,
    5,
    2,
    1,
    4,
    0,
    5,
    0,
    3,
    3,
    3,
    4,
    4,
    0,
    5,
    4,
    1,
    3,
    1,
    5,
    1,
    1,
    0,
    3,
    4,
    1,
    1,
    2,
    0,
    3,
    0,
    0,
    4,
    4,
    2,
    2,
    0,
    0,
    1,
    3,
    0,
    0,
    3,
    2,
    1,
    4,
    5,
    4,
    1,
    0,
    1,
    1,
    0,
    3,
    3,
    3,
    4,
    2,
    0,
    1,
    4,
    4,
    1,
    1,
    5,
    1,
    1,
    0,
    3,
    4,
    3,
    5,
    2,
    2,
    3,
    0,
    0,
    2,
    4,
    4,
    5,
    2,
    0,
    1,
    3,
    1,
    1,
    3,
    4,
    0,
    4,
    5,
    4,
    1,
    4,
    0,
    5,
    0,
    3,
    3,
    3,
    4,
    2,
    0,
    5,
    4,
    4,
    1,
    1,
    5,
    0,
    1,
    0,
    3,
    2,
    5,
    1,
    2,
    2,
    3,
    0,
    0,
    2,
    4,
    2,
    2,
    0,
    0,
    5,
    3,
    0,
    1,
    3,
    2,
    0,
    4,
    5,
    2,
    1,
    4,
    0,
    5,
    0,
    3,
    3,
    3,
    4,
    2
  ],
  "labels": [
    0,
    5,
    4,
    4,
    1,
    1,
    5,
    1,
    1,
    0,
    3,
    2,
    5,
    5,
    2,
    4,
    3,
    0,
    0,
    2,
    4,
    2,
    2,
    0,
    0,
    5,
    3,
    1,
    1,
    3,
    2,
    1,
    4,
    5,
    2,
    1,
    4,
    0,
    5,
    0,
    3,
    3,
    3,
    4,
    2,
    0,
    5,
    4,
    4,
    1,
    1,
    5,
    1,
    1,
    0,
    3,
    2,
    5,
    5,
    2,
    4,
    3,
    0,
    0,
    2,
    4,
    2,
    2,
    0,
    0,
    5,
    3,
    1,
    1,
    3,
    2,
    1,
    4,
    5,
    2,
    1,
    4,
    0,
    5,
    0,
    3,
    3,
    3,
    4,
    2,
    0,
    5,
    4,
    4,
    1,
    1,
    5,
    1,
    1,
    0,
    3,
    2,
    5,
    5,
    2,
    4,
    3,
    0,
    0,
    2,
    4,
    2,
    2,
    0,
    0,
    5,
    3,
    1,
    1,
    3,
    2,
    1,
    4,
    5,
    2,
    1,
    4,
    0,
    5,
    0,
    3,
    3,
    3,
    4,
    2,
    0,
    5,
    4,
    4,
    1,
    1,
    5,
    1,
    1,
    0,
    3,
    2,
    5,
    5,
    2,
    4,
    3,
    0,
    0,
    2,
    4,
    2,
    2,
    0,
    0,
    5,
    3,
    1,
    1,
    3,
    2,
    1,
    4,
    5,
    2,
    1,
    4,
    0,
    5,
    0,
    3,
    3,
    3,
    4,
    2
  ],
  "present_labels": [
    0,
    1,
    2,
    3,
    4,
    5
  ],
  "present_class_names": [
    "neutral",
    "happy",
    "sad",
    "angry",
    "fear",
    "surprise"
  ]
}