{
  "accuracy": 0.7555555555555555,
  "precision": 0.7559208294692165,
  "recall": 0.7555555555555555,
  "f1_score": 0.7504599288554091,
  "confusion_matrix": [
    [
      31,
      0,
      1,
      0,
      0,
      0
    ],
    [
      7,
      21,
      0,
      1,
      0,
      3
    ],
    [
      0,
      0,
      19,
      0,
      12,
      1
    ],
    [
      0,
      0,
      0,
      28,
      0,
      0
    ],
    [
      2,
      1,
      6,
      0,
      19,
      0
    ],
    [
      0,
      9,
      0,
      1,
      0,
      18
    ]
  ],
  "classification_report": {
    "neutral": {
      "precision": 0.775,
      "recall": 0.96875,
      "f1-score": 0.8611111111111112,
      "support": 32.0
    },
    "happy": {
      "precision": 0.6774193548387096,
      "recall": 0.65625,
      "f1-score": 0.6666666666666666,
      "support": 32.0
    },
    "sad": {
      "precision": 0.7307692307692307,
      "recall": 0.59375,
      "f1-score": 0.6551724137931034,
      "support": 32.0
    },
    "angry": {
      "precision": 0.9333333333333333,
      "recall": 1.0,
      "f1-score": 0.9655172413793104,
      "support": 28.0
    },
    "fear": {
      "precision": 0.6129032258064516,
      "recall": 0.6785714285714286,
      "f1-score": 0.6440677966101694,
      "support": 28.0
    },
    "surprise": {
      "precision": 0.8181818181818182,
      "recall": 0.6428571428571429,
      "f1-score": 0.72,
      "support": 28.0
    },
    "accuracy": 0.7555555555555555,
    "macro avg": {
      "precision": 0.7579344938215905,
      "recall": 0.7566964285714287,
      "f1-score": 0.7520892049267268,
      "support": 180.0
    },
    "weighted avg": {
      "precision": 0.7559208294692165,
      "recall": 0.7555555555555555,
      "f1-score": 0.7504599288554091,
      "support": 180.0
    }
  },
  "predictions": [
    0,
    1,
    2,
    2,
    1,
    0,
    5,
    1,
    5,
    0,
    3,
    2,
    5,
    5,
    2,
    2,
    3,
    0,
    0,
    2,
    2,
    4,
    4,
    0,
    0,
    1,
    3,
    5,
    1,
    3,
    4,
    1,
    4,
    5,
    2,
    1,
    4,
    0,
    5,
    0,
    3,
    3,
    3,
    4,
    4,
    0,
    5,
    4,
    1,
    3,
    1,
    5,
    1,
    1,
    0,
    3,
    4,
    1,
    1,
    2,
    0,
    3,
    0,
    0,
    4,
    4,
    4,
    2,
    0,
    0,
    1,
    3,
    0,
    0,
    3,
    2,
    1,
    4,
    5,
    4,
    1,
    0,
    0,
    1,
    0,
    3,
    3,
    3,
    4,
    2,
    0,
    1,
    4,
    4,
    1,
    1,
    5,
    1,
    1,
    0,
    3,
    4,
    3,
    5,
    2,
    2,
    3,
    0,
    0,
    2,
    4,
    4,
    5,
    2,
    0,
    1,
    3,
    1,
    1,
    3,
    4,
    0,
    4,
    5,
    4,
    1,
    4,
    0,
    5,
    0,
    3,
    3,
    3,
    4,
    2,
    0,
    5,
    4,
    4,
    1,
    5,
    5,
    0,
    1,
    0,
    3,
    2,
    5,
    1,
    2,
    2,
    3,
    0,
    0,
    2,
    4,
    2,
    2,
    0,
    0,
    5,
    3,
    0,
    1,
    3,
    2,
    0,
    4,
    5,
    2,
    1,
    4,
    0,
    5,
    0,
    3,
    3,
    3,
    4,
    2
  ],
  "labels": [
    0,
    5,
    4,
    4,
    1,
    1,
    5,
    1,
    1,
    0,
    3,
    2,
    5,
    5,
    2,
    4,
    3,
    0,
    0,
    2,
    4,
    2,
    2,
    0,
    0,
    5,
    3,
    1,
    1,
    3,
    2,
    1,
    4,
    5,
    2,
    1,
    4,
    0,
    5,
    0,
    3,
    3,
    3,
    4,
    2,
    0,
    5,
    4,
    4,
    1,
    1,
    5,
    1,
    1,
    0,
    3,
    2,
    5,
    5,
    2,
    4,
    3,
    0,
    0,
    2,
    4,
    2,
    2,
    0,
    0,
    5,
    3,
    1,
    1,
    3,
    2,
    1,
    4,
    5,
    2,
    1,
    4,
    0,
    5,
    0,
    3,
    3,
    3,
    4,
    2,
    0,
    5,
    4,
    4,
    1,
    1,
    5,
    1,
    1,
    0,
    3,
    2,
    5,
    5,
    2,
    4,
    3,
    0,
    0,
    2,
    4,
    2,
    2,
    0,
    0,
    5,
    3,
    1,
    1,
    3,
    2,
    1,
    4,
    5,
    2,
    1,
    4,
    0,
    5,
    0,
    3,
    3,
    3,
    4,
    2,
    0,
    5,
    4,
    4,
    1,
    1,
    5,
    1,
    1,
    0,
    3,
    2,
    5,
    5,
    2,
    4,
    3,
    0,
    0,
    2,
    4,
    2,
    2,
    0,
    0,
    5,
    3,
    1,
    1,
    3,
    2,
    1,
    4,
    5,
    2,
    1,
    4,
    0,
    5,
    0,
    3,
    3,
    3,
    4,
    2
  ],
  "present_labels": [
    0,
    1,
    2,
    3,
    4,
    5
  ],
  "present_class_names": [
    "neutral",
    "happy",
    "sad",
    "angry",
    "fear",
    "surprise"
  ]
}