{
  "train_loss": [
    1.0082318672427424,
    0.7016879750622643,
    0.6318110922972361,
    0.6152681918055923,
    0.6145879284099296,
    0.6153222234160812,
    0.5522332246656771,
    0.5783067952703547,
    0.5574297066088076,
    0.5466101500723097,
    0.5482749320842601,
    0.561445321197863,
    0.559229944591169,
    0.5227471065741999,
    0.5454125459547396,
    0.5415525911030946,
    0.4981516853526787,
    0.5369846379315412,
    0.5411974390347799,
    0.4981525154025466,
    0.48990455600950455,
    0.5031344294548035,
    0.46128626885237517,
    0.5219680666923523,
    0.5057549090297134,
    0.48426655817914893,
    0.5144930393607529,
    0.46211104150171634,
    0.5091749672536496,
    0.5164063390758302,
    0.4963128837170424,
    0.4966655406686995,
    0.5072213952188138,
    0.4611379669772254,
    0.4751674676382983,
    0.49988463631382696,
    0.46588745602854975,
    0.4531518833504783,
    0.4648745225535499,
    0.4556528462304009,
    0.4725134251294313,
    0.4656937365178709,
    0.48057893801618506,
    0.46317830792179815,
    0.4734030476322881,
    0.48343810549488775,
    0.4511956224838893,
    0.4394877602656682,
    0.45523801997855856,
    0.44636443312521334
  ],
  "train_acc": [
    0.6535714285714286,
    0.7559523809523809,
    0.7785714285714286,
    0.7571428571428571,
    0.7619047619047619,
    0.7654761904761904,
    0.7928571428571428,
    0.7654761904761904,
    0.7690476190476191,
    0.7845238095238095,
    0.7642857142857142,
    0.7761904761904762,
    0.7869047619047619,
    0.775,
    0.7821428571428571,
    0.7916666666666666,
    0.7904761904761904,
    0.7738095238095238,
    0.7892857142857143,
    0.7928571428571428,
    0.8047619047619048,
    0.794047619047619,
    0.7904761904761904,
    0.8130952380952381,
    0.7869047619047619,
    0.7952380952380952,
    0.7952380952380952,
    0.8,
    0.7928571428571428,
    0.8011904761904762,
    0.8166666666666667,
    0.7964285714285714,
    0.7952380952380952,
    0.7976190476190477,
    0.8154761904761905,
    0.8,
    0.8035714285714286,
    0.8154761904761905,
    0.8011904761904762,
    0.7904761904761904,
    0.805952380952381,
    0.8011904761904762,
    0.7964285714285714,
    0.8095238095238095,
    0.8035714285714286,
    0.8154761904761905,
    0.8202380952380952,
    0.8154761904761905,
    0.8130952380952381,
    0.7976190476190477
  ],
  "val_loss": [
    0.6478876322507858,
    0.5832769225041071,
    0.540039911866188,
    0.5557817121346792,
    0.51707623898983,
    0.5257566173871359,
    0.5107747117678324,
    0.5353687306245168,
    0.5044700130820274,
    0.5099020128448805,
    0.4975974385937055,
    0.5140104045470556,
    0.5059590836366018,
    0.5142597705125809,
    0.501763753592968,
    0.5009366398056349,
    0.4965789218743642,
    0.5037300114830335,
    0.48980720589558285,
    0.490983525911967,
    0.5091968153913816,
    0.49863841384649277,
    0.4935706580678622,
    0.5074452981352806,
    0.513553353647391,
    0.5092471664150556,
    0.5040135482947031,
    0.4923187891642253,
    0.4921741063396136,
    0.4901662841439247,
    0.5024462789297104,
    0.4995451122522354,
    0.5020504370331764,
    0.4986881936589877,
    0.48678536464770633,
    0.49050580710172653,
    0.5059391781687737,
    0.49478087325890857,
    0.49538497626781464,
    0.4886910766363144,
    0.5006983603040377,
    0.4938236524661382,
    0.49031024674574536,
    0.4986949662367503,
    0.4974334388971329,
    0.49663708607355755,
    0.5030739282568296,
    0.49144592384497326,
    0.49311218162377674,
    0.5017944052815437
  ],
  "val_acc": [
    0.7944444444444444,
    0.7888888888888889,
    0.7666666666666667,
    0.8,
    0.7944444444444444,
    0.75,
    0.7888888888888889,
    0.7888888888888889,
    0.8055555555555556,
    0.7833333333333333,
    0.7944444444444444,
    0.7888888888888889,
    0.7944444444444444,
    0.8,
    0.7888888888888889,
    0.8,
    0.8,
    0.7944444444444444,
    0.7833333333333333,
    0.7944444444444444,
    0.8,
    0.7777777777777778,
    0.7888888888888889,
    0.7722222222222223,
    0.7888888888888889,
    0.7833333333333333,
    0.7777777777777778,
    0.7777777777777778,
    0.7944444444444444,
    0.7833333333333333,
    0.7833333333333333,
    0.7833333333333333,
    0.7888888888888889,
    0.7833333333333333,
    0.7833333333333333,
    0.7888888888888889,
    0.8,
    0.7777777777777778,
    0.7777777777777778,
    0.7888888888888889,
    0.8,
    0.7888888888888889,
    0.7888888888888889,
    0.7777777777777778,
    0.7833333333333333,
    0.7833333333333333,
    0.7944444444444444,
    0.7944444444444444,
    0.7833333333333333,
    0.7888888888888889
  ]
}