{
  "train_loss": [
    0.8431749145189921,
    0.7091804279221429,
    0.6786489034140551,
    0.6143412987391154,
    0.622319628794988,
    0.6163220858132398,
    0.5597812191203788,
    0.6228354771931967,
    0.5850821170541975,
    0.5872371031178368,
    0.5500796293770825,
    0.57159431665032,
    0.5287974818989083,
    0.5392184886667464,
    0.523076902937006,
    0.534619704440788,
    0.5188722599435736,
    0.5670672710295077,
    0.5647801812048312,
    0.5422588553693559,
    0.570465436688176,
    0.5333813053590281,
    0.5531222389803993,
    0.5294513669278886,
    0.5298306666038655,
    0.5280881535123896,
    0.4957457151677873,
    0.47736255631402685,
    0.5106873865480777,
    0.4688047766685486,
    0.5271438934184887,
    0.49658472560070177,
    0.49255566906045983,
    0.47024144839357446,
    0.4609960339687489,
    0.4719181187726833,
    0.46181196057134205,
    0.47198401888211566,
    0.4568499834449203,
    0.44833099124608217,
    0.49249110619227093,
    0.4662261494883784,
    0.5155578697169269,
    0.46467741661601597,
    0.4560041140626978,
    0.436876619303668,
    0.446941242173866,
    0.4457579398596728,
    0.43603475778191175,
    0.4351961182223426
  ],
  "train_acc": [
    0.669047619047619,
    0.7226190476190476,
    0.7297619047619047,
    0.7559523809523809,
    0.7488095238095238,
    0.7571428571428571,
    0.763095238095238,
    0.736904761904762,
    0.7583333333333333,
    0.7619047619047619,
    0.7666666666666667,
    0.7559523809523809,
    0.7642857142857142,
    0.7714285714285715,
    0.7797619047619048,
    0.7738095238095238,
    0.7857142857142857,
    0.7583333333333333,
    0.7642857142857142,
    0.775,
    0.7714285714285715,
    0.7857142857142857,
    0.7714285714285715,
    0.7821428571428571,
    0.7869047619047619,
    0.7547619047619047,
    0.7892857142857143,
    0.7928571428571428,
    0.7904761904761904,
    0.7904761904761904,
    0.7976190476190477,
    0.7964285714285714,
    0.7904761904761904,
    0.7916666666666666,
    0.8047619047619048,
    0.7964285714285714,
    0.8035714285714286,
    0.8178571428571428,
    0.8071428571428572,
    0.8035714285714286,
    0.8083333333333333,
    0.8,
    0.8011904761904762,
    0.8023809523809524,
    0.8011904761904762,
    0.8154761904761905,
    0.8119047619047619,
    0.8142857142857143,
    0.8011904761904762,
    0.8047619047619048
  ],
  "val_loss": [
    0.7562370399634043,
    0.6276572297016779,
    0.5784276127815247,
    0.5498486359914144,
    0.5793288797140121,
    0.5493208666642507,
    0.5403103977441788,
    0.5592312266429266,
    0.5358643680810928,
    0.5467481513818105,
    0.5533378422260284,
    0.5282573625445366,
    0.5367205490668615,
    0.5217397461334864,
    0.5552020420630773,
    0.5401152844230334,
    0.5262513806422552,
    0.5325691029429436,
    0.5381432324647903,
    0.5295965919891993,
    0.5349028756221136,
    0.5396101226409277,
    0.5157698541879654,
    0.5232491965095202,
    0.4948256015777588,
    0.49628593772649765,
    0.5321734075744947,
    0.5235149711370468,
    0.5048205157121023,
    0.5046862810850143,
    0.5068093438943228,
    0.5025606254736582,
    0.4943699638048808,
    0.48332276195287704,
    0.484715315202872,
    0.49597438673178357,
    0.48407360911369324,
    0.4873608946800232,
    0.4997042541702588,
    0.4820142487684886,
    0.4886738906304042,
    0.5021849970022837,
    0.48884550978740055,
    0.4998665476838748,
    0.49003833532333374,
    0.5082338526844978,
    0.48999860882759094,
    0.4928702116012573,
    0.49387144049008685,
    0.4879273995757103
  ],
  "val_acc": [
    0.7666666666666667,
    0.7611111111111111,
    0.7888888888888889,
    0.7888888888888889,
    0.7222222222222222,
    0.7777777777777778,
    0.7833333333333333,
    0.7722222222222223,
    0.7944444444444444,
    0.7611111111111111,
    0.8055555555555556,
    0.7944444444444444,
    0.7555555555555555,
    0.7666666666666667,
    0.7833333333333333,
    0.8111111111111111,
    0.7944444444444444,
    0.8,
    0.8,
    0.7833333333333333,
    0.7611111111111111,
    0.7888888888888889,
    0.8055555555555556,
    0.7833333333333333,
    0.7777777777777778,
    0.7888888888888889,
    0.7944444444444444,
    0.7666666666666667,
    0.7833333333333333,
    0.7944444444444444,
    0.7888888888888889,
    0.8055555555555556,
    0.7944444444444444,
    0.7888888888888889,
    0.7833333333333333,
    0.7944444444444444,
    0.8055555555555556,
    0.7777777777777778,
    0.8,
    0.8,
    0.7888888888888889,
    0.7944444444444444,
    0.8,
    0.7777777777777778,
    0.8,
    0.7888888888888889,
    0.8055555555555556,
    0.7833333333333333,
    0.8055555555555556,
    0.7888888888888889
  ]
}